[
  {
    "icon": "fa fa-home",
    "slug": "external",
    "title": "Volver al inicio",
    "path": "index.html"
  },
  {
    "id": 1,
    "icon": "fa fa-play-circle",
    "slug": "intro",
    "title": "Introducción",
    "breadcrumb": ["Inicio","intro"],
    "path": "pages/1-tema.html"
  },
  {
    "id": 2,
    "icon": "fa fa-file-text",
    "slug": "registro",
    "title": "1. Registro de la información",
    "breadcrumb": ["Inicio","registro"],
    "path": "pages/2-tema.html",
    "submenu": [
      {
        "icon": "fa fa-play-circle",
        "slug": "registro",
        "title": "1.1 Tipos",
        "anchor": "tipos"
      },
      {
        "icon": "fa fa-play-circle",
        "slug": "registro",
        "title": "1.2 Parámetros de diseño",
        "anchor": "parametros"
      },
      {
        "icon": "fa fa-file-text",
        "slug": "registro",
        "title": "1.3 Procesos de aplicación",
        "anchor": "procesos"
      }
    ]
  },
  {
    "id": 3,
    "icon": "fa fa-play-circle",
    "slug": "datos",
    "title": "2. Datos",
    "breadcrumb": ["Inicio","datos"],
    "path": "pages/3-tema.html",
    "submenu": [
      {
        "icon": "fa fa-play-circle",
        "slug": "datos",
        "title": "2.1 Análisis e interpretación",
        "anchor": "analisis"
      },
      {
        "icon": "fa fa-play-circle",
        "slug": "datos",
        "title": "2.2 Técnicas de procesamiento",
        "anchor": "tecnicas"
      }
    ]
  },
  {
    "id": 4,
    "icon": "fa fa-file-text",
    "slug": "lectoescritura",
    "title": "3. Lectoescritura",
    "breadcrumb": ["Inicio","lectoescritura"],
    "path": "pages/4-tema.html",
    "submenu": [
      {
        "icon": "fa fa-file-text",
        "slug": "lectoescritura",
        "title": "3.1 Técnicas de comprensión",
        "anchor": "tecnicas1"
      },
      {
        "icon": "fa fa-file-text",
        "slug": "lectoescritura",
        "title": "3.2 Métodos de redacción",
        "anchor": "metodos"
      }
    ]
  }
]